<settings>
    <repositories>
        <repository>
            <id>adobe-public-releases</id>
            <name>Adobe Basel Public Repository</name>
            <url>http://repo.adobe.com/nexus/content/groups/public</url>
            <releases>
                <enabled>true</enabled>
                <updatePolicy>never</updatePolicy>
            </releases>
            <snapshots>
                <enabled>false</enabled>
            </snapshots>
        </repository>
    </repositories>
    <pluginRepositories>
        <pluginRepository>
            <id>adobe-public-releases</id>
            <name>Adobe Basel Public Repository</name>
            <url>http://repo.adobe.com/nexus/content/groups/public</url>
            <releases>
                <enabled>true</enabled>
                <updatePolicy>never</updatePolicy>
            </releases>
            <snapshots>
                <enabled>false</enabled>
            </snapshots>
        </pluginRepository>
    </pluginRepositories>
</settings>